<?xml version="1.0" encoding="UTF-8" standalone="yes" ?>
<appProperties xmlns="http://schemas.mathworks.com/matlab/app/2012/appProperties" signature="BF46D239E9ADAB8B246C6D6C68E3F7D69B8047B9">

  <entryPoint>FinalApp_1</entryPoint>

  <name>Tortion in Arbitrary Shafts</name>

  <version>1.1</version>

  <createdByMATLABRelease>(R2020b)</createdByMATLABRelease>

  <GUID>be273895-a645-48c8-ad52-c4cbbeeb5d42</GUID>

  <supportedPlatforms/>

  <requiredProducts/>

  <numFiles>108</numFiles>

  <created>2020-12-03T11:36:04Z</created>

  <appEntries>
    <appFile>/Equilateral Triangle.pdf</appFile>
    <appFile>/Right Angle Triangle.pdf</appFile>
    <appFile>/compatibility.PNG</appFile>
    <appFile>/image6.png</appFile>
    <appFile>/eq5.gif</appFile>
    <appFile>/Fail Case Manual.pdf</appFile>
    <appFile>/assets/images/Narrow Rectangular(2).png</appFile>
    <appFile>/Summary.pdf</appFile>
    <appFile>/Concepts.html</appFile>
    <appFile>/polarmoment.png</appFile>
    <appFile>/main.a3f694c0.css</appFile>
    <appFile>/Usermanual.html</appFile>
    <appFile>/eq15.PNG</appFile>
    <appFile>/assets/images/Right Angle Triangle(1).png</appFile>
    <appFile>/appimage.jpeg</appFile>
    <appFile>/image4.JPG</appFile>
    <appFile>/eq3.gif</appFile>
    <appFile>/image8.PNG</appFile>
    <appFile>/arbitraryWindow.PNG</appFile>
    <appFile>/Rectangular.pdf</appFile>
    <appFile>/main.953ac124.js</appFile>
    <appFile>/main.a3f694c0.css.gz</appFile>
    <appFile>/main.41beeca9.map</appFile>
    <appFile>/poissonratio.jpg</appFile>
    <appFile>/assets/images/Right Angle Triangle(2).png</appFile>
    <appFile>/TheoryManual.html</appFile>
    <appFile>/shapeSelectionPanel.PNG</appFile>
    <appFile>/arbitraryCrossSection.PNG</appFile>
    <appFile>/eq14.PNG</appFile>
    <appFile>/standardPlots.PNG</appFile>
    <appFile>/main.5a6e71a8(1).map</appFile>
    <appFile>/eq13.gif</appFile>
    <appFile>/assets/images/Homogenous Third Order(1).png</appFile>
    <appFile>/main.953ac124.js.gz</appFile>
    <appFile>/assets/images/Narrow Rectangular.png</appFile>
    <appFile>/assets/images/Homogenous Third Order.png</appFile>
    <appFile>/assets/images/Non Homogenous Third Order Following(1).png</appFile>
    <appFile>/assets/images/Non Homogenous Second Order(1).png</appFile>
    <appFile>/assets/images/Non Homogenous Third Order Following.png</appFile>
    <appFile>/eq11.gif</appFile>
    <appFile>/shapewindow.PNG</appFile>
    <appFile>/eq8.gif</appFile>
    <appFile>/main.41beeca9.js</appFile>
    <appFile>/main.41beeca9.js.gz</appFile>
    <appFile>/standardOutput.PNG</appFile>
    <appFile>/Elliptical.pdf</appFile>
    <appFile>/eq10.gif</appFile>
    <appFile>/elasticMaterial.PNG</appFile>
    <appFile>/InsightsCircularSection.html</appFile>
    <appFile>/main.5a6e71a8.map</appFile>
    <appFile>/assets/images/Homogenous Third Order(2).png</appFile>
    <appFile>/assets/images/Two.png</appFile>
    <appFile>/assets/images/Non Homogenous Third Order Not Following(2).png</appFile>
    <appFile>/checkButton.png</appFile>
    <appFile>/eq.6.gif</appFile>
    <appFile>/arbitraryOutput.PNG</appFile>
    <appFile>/image7.PNG</appFile>
    <appFile>/main.5a6e71a8.js.gz</appFile>
    <appFile>/eq17.gif</appFile>
    <appFile>/assets/images/Non Homogenous Third Order Not Following.png</appFile>
    <appFile>/prismatic.PNG</appFile>
    <appFile>/image9.PNG</appFile>
    <appFile>/main.5a6e71a8(2).map</appFile>
    <appFile>/assets/images/Homogenous Second Order.png</appFile>
    <appFile>/assets/images/Non Homogenous Second Order.png</appFile>
    <appFile>/assets/images/Right Angle Triangle.png</appFile>
    <appFile>/assets/images/Non Homogenous Third Order Not Following(1).png</appFile>
    <appFile>/eq16.PNG</appFile>
    <appFile>/main.f8c2d08b.js</appFile>
    <appFile>/main.f8c2d08b.js.gz</appFile>
    <appFile>/assets/images/One(1).png</appFile>
    <appFile>/GeneralisedSolution.html</appFile>
    <appFile>/assets/images/Two(1).png</appFile>
    <appFile>/eq4.gif</appFile>
    <appFile>/FinalApp_1.mlapp</appFile>
    <appFile>/Narrow Rectangular.pdf</appFile>
    <appFile>/Homogenous Polynomials.pdf</appFile>
    <appFile>/main.953ac124.map</appFile>
    <appFile>/assets/images/Elliptical.png</appFile>
    <appFile>/image1.PNG</appFile>
    <appFile>/Circular.pdf</appFile>
    <appFile>/eq9.gif</appFile>
    <appFile>/Introduction.html</appFile>
    <appFile>/assets/images/Non Homogenous Third Order Following(2).png</appFile>
    <appFile>/ellipsewarp.JPG</appFile>
    <appFile>/image3.PNG</appFile>
    <appFile>/assets/images/Two(2).png</appFile>
    <appFile>/materialSelectionPanel.PNG</appFile>
    <appFile>/eq2.gif</appFile>
    <appFile>/assets/images/Narrow Rectangular(1).png</appFile>
    <appFile>/assets/images/Non Homogenous Second Order(2).png</appFile>
    <appFile>/eq.7.gif</appFile>
    <appFile>/eq12.gif</appFile>
    <appFile>/HelpManual.html</appFile>
    <appFile>/SpecialCase.html</appFile>
    <appFile>/assets/images/mechanical-engineering-careers.png</appFile>
    <appFile>/Non-Homogenous Polynomials.pdf</appFile>
    <appFile>/assets/images/Circular.png</appFile>
    <appFile>/vectorfield.png</appFile>
    <appFile>/Regular Polygon.pdf</appFile>
    <appFile>/image5.PNG</appFile>
    <appFile>/assets/images/Equilateral Triangle.png</appFile>
    <appFile>/eqtri.PNG</appFile>
    <appFile>/ellipse.PNG</appFile>
    <appFile>/FailCaseManual.html</appFile>
    <appFile>/main.5a6e71a8.js</appFile>
    <appFile>/main.f8c2d08b.map</appFile>
    <appFile>/assets/images/One.png</appFile>
  </appEntries>

</appProperties>
