<?xml version="1.0" encoding="UTF-8" standalone="yes" ?><fileEntries xmlns="http://schemas.mathworks.com/package/2013/filesystemManifest" createdByEncoding="windows-1252" createdByPlatform="win64" version="2.0"><fileEntry content="/fsroot/Circular.pdf" date="2020-12-02T11:56:24Z" name="/Circular.pdf" permissions="0666" type="File"/><fileEntry content="/fsroot/Concepts.html" date="2020-12-02T16:35:38Z" name="/Concepts.html" permissions="0666" type="File"/><fileEntry content="/fsroot/Elliptical.pdf" date="2020-12-02T11:56:42Z" name="/Elliptical.pdf" permissions="0666" type="File"/><fileEntry content="/fsroot/Equilateral%20Triangle.pdf" date="2020-12-02T11:57:18Z" name="/Equilateral Triangle.pdf" permissions="0666" type="File"/><fileEntry content="/fsroot/Fail%20Case%20Manual.pdf" date="2020-12-02T11:53:08Z" name="/Fail Case Manual.pdf" permissions="0666" type="File"/><fileEntry content="/fsroot/FailCaseManual.html" date="2020-12-02T15:38:02Z" name="/FailCaseManual.html" permissions="010666" type="File"/><fileEntry content="/fsroot/FinalApp_1.mlapp" date="2020-12-03T11:33:01Z" name="/FinalApp_1.mlapp" permissions="010666" type="File"/><fileEntry content="/fsroot/GeneralisedSolution.html" date="2020-12-02T16:35:58Z" name="/GeneralisedSolution.html" permissions="0666" type="File"/><fileEntry content="/fsroot/HelpManual.html" date="2020-12-02T16:17:42Z" name="/HelpManual.html" permissions="0666" type="File"/><fileEntry content="/fsroot/Homogenous%20Polynomials.pdf" date="2020-12-02T11:59:26Z" name="/Homogenous Polynomials.pdf" permissions="0666" type="File"/><fileEntry content="/fsroot/InsightsCircularSection.html" date="2020-12-02T16:35:14Z" name="/InsightsCircularSection.html" permissions="0666" type="File"/><fileEntry content="/fsroot/Introduction.html" date="2020-12-02T16:35:00Z" name="/Introduction.html" permissions="0666" type="File"/><fileEntry content="/fsroot/Narrow%20Rectangular.pdf" date="2020-12-02T11:58:00Z" name="/Narrow Rectangular.pdf" permissions="0666" type="File"/><fileEntry content="/fsroot/Non-Homogenous%20Polynomials.pdf" date="2020-12-02T11:59:50Z" name="/Non-Homogenous Polynomials.pdf" permissions="0666" type="File"/><fileEntry content="/fsroot/Rectangular.pdf" date="2020-12-02T11:56:58Z" name="/Rectangular.pdf" permissions="0666" type="File"/><fileEntry content="/fsroot/Regular%20Polygon.pdf" date="2020-12-02T11:58:40Z" name="/Regular Polygon.pdf" permissions="0666" type="File"/><fileEntry content="/fsroot/Right%20Angle%20Triangle.pdf" date="2020-12-02T11:57:40Z" name="/Right Angle Triangle.pdf" permissions="0666" type="File"/><fileEntry content="/fsroot/SpecialCase.html" date="2020-12-02T16:59:10Z" name="/SpecialCase.html" permissions="0666" type="File"/><fileEntry content="/fsroot/Summary.pdf" date="2020-12-02T11:27:50Z" name="/Summary.pdf" permissions="0666" type="File"/><fileEntry content="/fsroot/TheoryManual.html" date="2020-12-02T16:37:00Z" name="/TheoryManual.html" permissions="0666" type="File"/><fileEntry content="/fsroot/Usermanual.html" date="2020-12-03T11:29:41Z" name="/Usermanual.html" permissions="010666" type="File"/><fileEntry content="/fsroot/appimage.jpeg" date="2020-11-26T04:11:00Z" name="/appimage.jpeg" permissions="0666" type="File"/><fileEntry content="/fsroot/arbitraryCrossSection.PNG" date="2020-12-02T15:13:36Z" name="/arbitraryCrossSection.PNG" permissions="0666" type="File"/><fileEntry content="/fsroot/arbitraryOutput.PNG" date="2020-12-02T15:13:12Z" name="/arbitraryOutput.PNG" permissions="0666" type="File"/><fileEntry content="/fsroot/arbitraryWindow.PNG" date="2020-12-02T14:41:32Z" name="/arbitraryWindow.PNG" permissions="0666" type="File"/><fileEntry content="/fsroot/assets/images/Circular.png" date="2020-12-02T14:21:30Z" name="/assets/images/Circular.png" permissions="0666" type="File"/><fileEntry content="/fsroot/assets/images/Elliptical.png" date="2020-12-02T15:37:04Z" name="/assets/images/Elliptical.png" permissions="0666" type="File"/><fileEntry content="/fsroot/assets/images/Equilateral%20Triangle.png" date="2020-12-02T13:56:00Z" name="/assets/images/Equilateral Triangle.png" permissions="0666" type="File"/><fileEntry content="/fsroot/assets/images/Homogenous%20Second%20Order.png" date="2020-12-02T14:04:32Z" name="/assets/images/Homogenous Second Order.png" permissions="0666" type="File"/><fileEntry content="/fsroot/assets/images/Homogenous%20Third%20Order%281%29.png" date="2020-12-02T14:06:54Z" name="/assets/images/Homogenous Third Order(1).png" permissions="0666" type="File"/><fileEntry content="/fsroot/assets/images/Homogenous%20Third%20Order%282%29.png" date="2020-12-02T14:06:54Z" name="/assets/images/Homogenous Third Order(2).png" permissions="0666" type="File"/><fileEntry content="/fsroot/assets/images/Homogenous%20Third%20Order.png" date="2020-12-02T14:06:54Z" name="/assets/images/Homogenous Third Order.png" permissions="0666" type="File"/><fileEntry content="/fsroot/assets/images/Narrow%20Rectangular%281%29.png" date="2020-12-02T14:29:14Z" name="/assets/images/Narrow Rectangular(1).png" permissions="0666" type="File"/><fileEntry content="/fsroot/assets/images/Narrow%20Rectangular%282%29.png" date="2020-12-02T14:29:14Z" name="/assets/images/Narrow Rectangular(2).png" permissions="0666" type="File"/><fileEntry content="/fsroot/assets/images/Narrow%20Rectangular.png" date="2020-12-02T14:29:14Z" name="/assets/images/Narrow Rectangular.png" permissions="0666" type="File"/><fileEntry content="/fsroot/assets/images/Non%20Homogenous%20Second%20Order%281%29.png" date="2020-12-02T14:40:26Z" name="/assets/images/Non Homogenous Second Order(1).png" permissions="0666" type="File"/><fileEntry content="/fsroot/assets/images/Non%20Homogenous%20Second%20Order%282%29.png" date="2020-12-02T14:40:26Z" name="/assets/images/Non Homogenous Second Order(2).png" permissions="0666" type="File"/><fileEntry content="/fsroot/assets/images/Non%20Homogenous%20Second%20Order.png" date="2020-12-02T14:40:26Z" name="/assets/images/Non Homogenous Second Order.png" permissions="0666" type="File"/><fileEntry content="/fsroot/assets/images/Non%20Homogenous%20Third%20Order%20Following%281%29.png" date="2020-12-02T14:53:20Z" name="/assets/images/Non Homogenous Third Order Following(1).png" permissions="0666" type="File"/><fileEntry content="/fsroot/assets/images/Non%20Homogenous%20Third%20Order%20Following%282%29.png" date="2020-12-02T14:53:20Z" name="/assets/images/Non Homogenous Third Order Following(2).png" permissions="0666" type="File"/><fileEntry content="/fsroot/assets/images/Non%20Homogenous%20Third%20Order%20Following.png" date="2020-12-02T14:53:20Z" name="/assets/images/Non Homogenous Third Order Following.png" permissions="0666" type="File"/><fileEntry content="/fsroot/assets/images/Non%20Homogenous%20Third%20Order%20Not%20Following%281%29.png" date="2020-12-02T14:46:58Z" name="/assets/images/Non Homogenous Third Order Not Following(1).png" permissions="0666" type="File"/><fileEntry content="/fsroot/assets/images/Non%20Homogenous%20Third%20Order%20Not%20Following%282%29.png" date="2020-12-02T14:46:58Z" name="/assets/images/Non Homogenous Third Order Not Following(2).png" permissions="0666" type="File"/><fileEntry content="/fsroot/assets/images/Non%20Homogenous%20Third%20Order%20Not%20Following.png" date="2020-12-02T14:46:58Z" name="/assets/images/Non Homogenous Third Order Not Following.png" permissions="0666" type="File"/><fileEntry content="/fsroot/assets/images/One%281%29.png" date="2020-12-02T14:26:00Z" name="/assets/images/One(1).png" permissions="0666" type="File"/><fileEntry content="/fsroot/assets/images/One.png" date="2020-12-02T14:26:00Z" name="/assets/images/One.png" permissions="0666" type="File"/><fileEntry content="/fsroot/assets/images/Right%20Angle%20Triangle%281%29.png" date="2020-12-02T14:32:54Z" name="/assets/images/Right Angle Triangle(1).png" permissions="0666" type="File"/><fileEntry content="/fsroot/assets/images/Right%20Angle%20Triangle%282%29.png" date="2020-12-02T14:32:54Z" name="/assets/images/Right Angle Triangle(2).png" permissions="0666" type="File"/><fileEntry content="/fsroot/assets/images/Right%20Angle%20Triangle.png" date="2020-12-02T14:32:54Z" name="/assets/images/Right Angle Triangle.png" permissions="0666" type="File"/><fileEntry content="/fsroot/assets/images/Two%281%29.png" date="2020-12-02T14:26:50Z" name="/assets/images/Two(1).png" permissions="0666" type="File"/><fileEntry content="/fsroot/assets/images/Two%282%29.png" date="2020-12-02T14:26:50Z" name="/assets/images/Two(2).png" permissions="0666" type="File"/><fileEntry content="/fsroot/assets/images/Two.png" date="2020-12-02T14:26:50Z" name="/assets/images/Two.png" permissions="0666" type="File"/><fileEntry content="/fsroot/assets/images/mechanical-engineering-careers.png" date="2020-11-30T22:55:36Z" name="/assets/images/mechanical-engineering-careers.png" permissions="0666" type="File"/><fileEntry content="/fsroot/checkButton.png" date="2020-12-02T13:02:48Z" name="/checkButton.png" permissions="0666" type="File"/><fileEntry content="/fsroot/compatibility.PNG" date="2020-11-26T17:19:48Z" name="/compatibility.PNG" permissions="0666" type="File"/><fileEntry content="/fsroot/elasticMaterial.PNG" date="2020-11-26T18:14:52Z" name="/elasticMaterial.PNG" permissions="0666" type="File"/><fileEntry content="/fsroot/ellipse.PNG" date="2020-11-25T22:24:26Z" name="/ellipse.PNG" permissions="0666" type="File"/><fileEntry content="/fsroot/ellipsewarp.JPG" date="2020-11-26T04:07:10Z" name="/ellipsewarp.JPG" permissions="0666" type="File"/><fileEntry content="/fsroot/eq.6.gif" date="2020-11-25T06:39:44Z" name="/eq.6.gif" permissions="0666" type="File"/><fileEntry content="/fsroot/eq.7.gif" date="2020-11-25T07:06:00Z" name="/eq.7.gif" permissions="0666" type="File"/><fileEntry content="/fsroot/eq10.gif" date="2020-11-25T07:52:52Z" name="/eq10.gif" permissions="0666" type="File"/><fileEntry content="/fsroot/eq11.gif" date="2020-11-25T08:03:42Z" name="/eq11.gif" permissions="0666" type="File"/><fileEntry content="/fsroot/eq12.gif" date="2020-11-26T02:23:58Z" name="/eq12.gif" permissions="0666" type="File"/><fileEntry content="/fsroot/eq13.gif" date="2020-11-26T02:34:38Z" name="/eq13.gif" permissions="0666" type="File"/><fileEntry content="/fsroot/eq14.PNG" date="2020-12-02T16:48:28Z" name="/eq14.PNG" permissions="0666" type="File"/><fileEntry content="/fsroot/eq15.PNG" date="2020-11-26T02:51:28Z" name="/eq15.PNG" permissions="0666" type="File"/><fileEntry content="/fsroot/eq16.PNG" date="2020-12-02T16:48:32Z" name="/eq16.PNG" permissions="0666" type="File"/><fileEntry content="/fsroot/eq17.gif" date="2020-11-26T05:24:26Z" name="/eq17.gif" permissions="0666" type="File"/><fileEntry content="/fsroot/eq2.gif" date="2020-11-24T22:03:12Z" name="/eq2.gif" permissions="0666" type="File"/><fileEntry content="/fsroot/eq3.gif" date="2020-11-24T22:38:10Z" name="/eq3.gif" permissions="0666" type="File"/><fileEntry content="/fsroot/eq4.gif" date="2020-11-24T23:21:56Z" name="/eq4.gif" permissions="0666" type="File"/><fileEntry content="/fsroot/eq5.gif" date="2020-11-25T06:27:50Z" name="/eq5.gif" permissions="0666" type="File"/><fileEntry content="/fsroot/eq8.gif" date="2020-11-25T07:26:44Z" name="/eq8.gif" permissions="0666" type="File"/><fileEntry content="/fsroot/eq9.gif" date="2020-11-25T07:45:14Z" name="/eq9.gif" permissions="0666" type="File"/><fileEntry content="/fsroot/eqtri.PNG" date="2020-11-26T04:54:18Z" name="/eqtri.PNG" permissions="0666" type="File"/><fileEntry content="/fsroot/image1.PNG" date="2020-11-24T22:16:16Z" name="/image1.PNG" permissions="0666" type="File"/><fileEntry content="/fsroot/image3.PNG" date="2020-11-27T23:42:52Z" name="/image3.PNG" permissions="0666" type="File"/><fileEntry content="/fsroot/image4.JPG" date="2020-11-24T22:51:04Z" name="/image4.JPG" permissions="0666" type="File"/><fileEntry content="/fsroot/image5.PNG" date="2020-11-24T23:02:14Z" name="/image5.PNG" permissions="0666" type="File"/><fileEntry content="/fsroot/image6.png" date="2020-11-25T06:15:16Z" name="/image6.png" permissions="0666" type="File"/><fileEntry content="/fsroot/image7.PNG" date="2020-11-25T07:36:04Z" name="/image7.PNG" permissions="0666" type="File"/><fileEntry content="/fsroot/image8.PNG" date="2020-12-02T16:54:24Z" name="/image8.PNG" permissions="0666" type="File"/><fileEntry content="/fsroot/image9.PNG" date="2020-11-26T04:54:22Z" name="/image9.PNG" permissions="0666" type="File"/><fileEntry content="/fsroot/main.41beeca9.js" date="2017-08-27T22:58:06Z" name="/main.41beeca9.js" permissions="0666" type="File"/><fileEntry content="/fsroot/main.41beeca9.js.gz" date="2017-08-27T22:58:06Z" name="/main.41beeca9.js.gz" permissions="0666" type="File"/><fileEntry content="/fsroot/main.41beeca9.map" date="2017-08-27T22:58:06Z" name="/main.41beeca9.map" permissions="0666" type="File"/><fileEntry content="/fsroot/main.5a6e71a8%281%29.map" date="2017-08-27T22:24:26Z" name="/main.5a6e71a8(1).map" permissions="0666" type="File"/><fileEntry content="/fsroot/main.5a6e71a8%282%29.map" date="2017-08-27T22:24:26Z" name="/main.5a6e71a8(2).map" permissions="0666" type="File"/><fileEntry content="/fsroot/main.5a6e71a8.js" date="2017-08-27T22:24:26Z" name="/main.5a6e71a8.js" permissions="0666" type="File"/><fileEntry content="/fsroot/main.5a6e71a8.js.gz" date="2017-08-27T22:24:26Z" name="/main.5a6e71a8.js.gz" permissions="0666" type="File"/><fileEntry content="/fsroot/main.5a6e71a8.map" date="2017-08-27T22:24:26Z" name="/main.5a6e71a8.map" permissions="0666" type="File"/><fileEntry content="/fsroot/main.953ac124.js" date="2017-08-27T21:35:00Z" name="/main.953ac124.js" permissions="0666" type="File"/><fileEntry content="/fsroot/main.953ac124.js.gz" date="2017-08-27T21:35:00Z" name="/main.953ac124.js.gz" permissions="0666" type="File"/><fileEntry content="/fsroot/main.953ac124.map" date="2017-08-27T21:35:00Z" name="/main.953ac124.map" permissions="0666" type="File"/><fileEntry content="/fsroot/main.a3f694c0.css" date="2017-08-27T22:58:06Z" name="/main.a3f694c0.css" permissions="0666" type="File"/><fileEntry content="/fsroot/main.a3f694c0.css.gz" date="2017-08-27T22:58:06Z" name="/main.a3f694c0.css.gz" permissions="0666" type="File"/><fileEntry content="/fsroot/main.f8c2d08b.js" date="2017-08-27T21:08:44Z" name="/main.f8c2d08b.js" permissions="0666" type="File"/><fileEntry content="/fsroot/main.f8c2d08b.js.gz" date="2017-08-27T21:08:44Z" name="/main.f8c2d08b.js.gz" permissions="0666" type="File"/><fileEntry content="/fsroot/main.f8c2d08b.map" date="2017-08-27T21:08:44Z" name="/main.f8c2d08b.map" permissions="0666" type="File"/><fileEntry content="/fsroot/materialSelectionPanel.PNG" date="2020-12-02T12:29:30Z" name="/materialSelectionPanel.PNG" permissions="0666" type="File"/><fileEntry content="/fsroot/poissonratio.jpg" date="2020-11-28T00:14:08Z" name="/poissonratio.jpg" permissions="0666" type="File"/><fileEntry content="/fsroot/polarmoment.png" date="2020-11-28T00:39:16Z" name="/polarmoment.png" permissions="0666" type="File"/><fileEntry content="/fsroot/prismatic.PNG" date="2020-11-28T04:27:50Z" name="/prismatic.PNG" permissions="0666" type="File"/><fileEntry content="/fsroot/shapeSelectionPanel.PNG" date="2020-12-02T12:28:54Z" name="/shapeSelectionPanel.PNG" permissions="0666" type="File"/><fileEntry content="/fsroot/shapewindow.PNG" date="2020-12-02T12:40:46Z" name="/shapewindow.PNG" permissions="0666" type="File"/><fileEntry content="/fsroot/standardOutput.PNG" date="2020-12-02T13:05:36Z" name="/standardOutput.PNG" permissions="0666" type="File"/><fileEntry content="/fsroot/standardPlots.PNG" date="2020-12-02T13:06:46Z" name="/standardPlots.PNG" permissions="0666" type="File"/><fileEntry content="/fsroot/vectorfield.png" date="2020-11-27T22:59:42Z" name="/vectorfield.png" permissions="0666" type="File"/></fileEntries>